{"cameraMode":{"drawMode":0,"name":"Shaded","section":"Shading Mode"},"sceneLighting":false,"audioPlay":false,"sceneViewState":{"showFog":true,"showMaterialUpdate":false,"showSkybox":true,"showFlares":true,"showImageEffects":true,"showParticleSystems":true},"in2DMode":false,"pivot":{"x":3.5190043449401857,"y":-5.333955764770508,"z":-1.0077261924743653},"rotation":{"x":-0.0463172011077404,"y":0.9454518556594849,"z":-0.15481798350811006,"w":-0.28285494446754458},"size":2.8578836917877199,"orthographic":false}