{"cameraMode":{"drawMode":0,"name":"Shaded","section":"Shading Mode"},"sceneLighting":true,"audioPlay":false,"sceneViewState":{"showFog":true,"showMaterialUpdate":false,"showSkybox":true,"showFlares":true,"showImageEffects":true,"showParticleSystems":true},"in2DMode":false,"pivot":{"x":-222.81527709960938,"y":-164.70501708984376,"z":-225.19261169433595},"rotation":{"x":0.13923224806785584,"y":-0.8543460369110107,"z":0.29293084144592287,"w":0.40607738494873049},"size":694.3536987304688,"orthographic":false}