{"cameraMode":{"drawMode":0,"name":"Shaded","section":"Shading Mode"},"sceneLighting":true,"audioPlay":false,"sceneViewState":{"showFog":true,"showMaterialUpdate":false,"showSkybox":true,"showFlares":true,"showImageEffects":true,"showParticleSystems":true},"in2DMode":false,"pivot":{"x":-1.462129831314087,"y":-104.91259765625,"z":513.526123046875},"rotation":{"x":0.10595641285181046,"y":0.02863437682390213,"z":-0.00305238482542336,"w":0.9939537644386292},"size":552.1621704101563,"orthographic":false}